-- phpMyAdmin SQL Dump
-- version 4.8.5
-- https://www.phpmyadmin.net/
--
-- Хост: localhost:3306
-- Время создания: Окт 13 2019 г., 16:40
-- Версия сервера: 5.7.27-cll-lve
-- Версия PHP: 7.2.7

SET SQL_MODE = "NO_AUTO_VALUE_ON_ZERO";
SET AUTOCOMMIT = 0;
START TRANSACTION;
SET time_zone = "+00:00";


/*!40101 SET @OLD_CHARACTER_SET_CLIENT=@@CHARACTER_SET_CLIENT */;
/*!40101 SET @OLD_CHARACTER_SET_RESULTS=@@CHARACTER_SET_RESULTS */;
/*!40101 SET @OLD_COLLATION_CONNECTION=@@COLLATION_CONNECTION */;
/*!40101 SET NAMES utf8mb4 */;

--
-- База данных: `qvhklqzo_GIM`
--

-- --------------------------------------------------------

--
-- Структура таблицы `address`
--

CREATE TABLE `address` (
  `address` varchar(500) DEFAULT NULL,
  `telephones` varchar(1000) DEFAULT NULL,
  `link` varchar(1000) DEFAULT NULL
) ENGINE=MyISAM DEFAULT CHARSET=utf8;

-- --------------------------------------------------------

--
-- Структура таблицы `admins`
--

CREATE TABLE `admins` (
  `id` int(11) NOT NULL,
  `name` varchar(100) DEFAULT NULL,
  `patronymic` varchar(50) NOT NULL,
  `surname` varchar(100) DEFAULT NULL,
  `email` varchar(100) DEFAULT NULL,
  `password` varchar(100) DEFAULT NULL,
  `role` int(10) NOT NULL DEFAULT '0' COMMENT 'admin - 0, superAdmin - 1',
  `registration_date` timestamp NOT NULL DEFAULT CURRENT_TIMESTAMP,
  `last_visit` timestamp NOT NULL DEFAULT CURRENT_TIMESTAMP
) ENGINE=MyISAM DEFAULT CHARSET=utf8;

--
-- Дамп данных таблицы `admins`
--

INSERT INTO `admins` (`id`, `name`, `patronymic`, `surname`, `email`, `password`, `role`, `registration_date`, `last_visit`) VALUES
(2, 'Петер', 'Петрович', 'Петров', 'petrov@pet', '$2y$10$1KKzzDHK9sW5AX1IM0ISlOvJcxaydjbkYT9h78IxbiOkC2Ev9jzUC', 0, '2019-10-12 04:49:26', '2019-10-13 05:58:08'),
(1, 'Иван', 'Иванович', 'Иванов', 'ivanov@iva.nov', '$2y$10$T0jFzcljneL6fTeQhmuGsuaWjzqu3Wss8bg1Nvx6AIHKUCfST0evS', 1, '2019-10-12 07:27:43', '2019-10-13 13:39:23');

-- --------------------------------------------------------

--
-- Структура таблицы `answers`
--

CREATE TABLE `answers` (
  `id` int(11) NOT NULL,
  `id_complaint` int(11) NOT NULL,
  `email` varchar(100) DEFAULT NULL,
  `id_admin` int(11) NOT NULL,
  `text` varchar(2000) DEFAULT NULL,
  `date_time` timestamp NOT NULL DEFAULT CURRENT_TIMESTAMP
) ENGINE=MyISAM DEFAULT CHARSET=utf8;

--
-- Дамп данных таблицы `answers`
--

INSERT INTO `answers` (`id`, `id_complaint`, `email`, `id_admin`, `text`, `date_time`) VALUES
(1, 1, 'aubury@ukr.net', 0, '', '2019-09-25 12:33:41'),
(2, 2, 'nfaubury@gmail.com', 0, 'Bye!', '2019-09-25 12:34:49');

-- --------------------------------------------------------

--
-- Структура таблицы `budget`
--

CREATE TABLE `budget` (
  `id` int(10) UNSIGNED NOT NULL,
  `project_name` varchar(100) NOT NULL,
  `email_user` varchar(100) NOT NULL,
  `amount` decimal(65,2) NOT NULL,
  `timeDate` date NOT NULL
) ENGINE=MyISAM DEFAULT CHARSET=utf8;

--
-- Дамп данных таблицы `budget`
--

INSERT INTO `budget` (`id`, `project_name`, `email_user`, `amount`, `timeDate`) VALUES
(1, 'Дом', '0', 2000.00, '2019-09-29'),
(2, 'Дом', '0', 2000.00, '2019-09-29'),
(3, 'Дом 2', '0', 5000.00, '2019-09-29'),
(4, 'Дом 2', '0', 2000.00, '2019-09-29'),
(5, 'Дом 2', '0', 2000.00, '2019-09-29'),
(6, 'Дом 2', '', 2000.00, '2019-09-29'),
(7, 'Дом 2', 'poliak@ pol.com', 2000.00, '2019-09-29'),
(8, 'Дом', 'petrov@petr.com', 1.00, '2019-10-06'),
(9, 'Дом', 'obn@ukr.net', 1770.00, '2019-10-06'),
(10, 'Дом', 'obn@ukr.net', 1.00, '2019-10-06'),
(11, 'Дом', 'obn@ukr.net', 1770.13, '2019-10-06'),
(12, 'Дом', 'obn@ukr.net', 200.00, '2019-10-06'),
(13, 'Дом', 'obn@ukr.net', 1770.00, '2019-10-06'),
(14, 'Дом', 'obn@ukr.net', 1770.13, '2019-10-06'),
(15, 'Дом', 'obn@ukr.net', 1770.00, '2019-10-06'),
(16, 'Дом', 'obn@ukr.net', 1770.00, '2019-10-06'),
(17, 'Дом', 'obn@ukr.net', 1770.00, '2019-10-06'),
(18, 'Дом', 'obn@ukr.net', 1770.00, '2019-10-06'),
(19, 'Дом', 'obn@ukr.net', 1770.00, '2019-10-06'),
(20, 'Дом', 'obn@ukr.net', 1770.00, '2019-10-06'),
(21, 'Дом', 'obn@ukr.net', 1770.13, '2019-10-06'),
(22, 'Дом', 'obn@ukr.net', 1770.13, '2019-10-06'),
(23, 'Дом', 'obn@ukr.net', 1770.00, '2019-10-06'),
(24, 'Дом', 'obn@ukr.net', 1770.00, '2019-10-06'),
(25, 'Дом', 'obn@ukr.net', 1770.13, '2019-10-06'),
(26, 'Дом 2', 'poliak@pol.com', 1555.25, '2019-10-06');

-- --------------------------------------------------------

--
-- Структура таблицы `complaints_suggestions`
--

CREATE TABLE `complaints_suggestions` (
  `id` int(11) NOT NULL,
  `user` varchar(100) NOT NULL,
  `email` varchar(100) DEFAULT NULL,
  `text` varchar(1000) NOT NULL,
  `date` timestamp NOT NULL DEFAULT CURRENT_TIMESTAMP
) ENGINE=MyISAM DEFAULT CHARSET=utf8;

--
-- Дамп данных таблицы `complaints_suggestions`
--

INSERT INTO `complaints_suggestions` (`id`, `user`, `email`, `text`, `date`) VALUES
(1, 'Даша', 'aubury@ukr.net', 'Привет!', '2019-09-25 12:33:41'),
(2, 'Наташа', 'nfaubury@gmail.com', 'Hi', '2019-09-25 12:34:49');

-- --------------------------------------------------------

--
-- Структура таблицы `logIn`
--

CREATE TABLE `logIn` (
  `id` int(10) UNSIGNED NOT NULL,
  `user_id` int(10) UNSIGNED NOT NULL,
  `uPd` varchar(100) NOT NULL,
  `role` int(100) UNSIGNED NOT NULL,
  `table` varchar(50) NOT NULL,
  `timeDateLogIn` timestamp NOT NULL DEFAULT CURRENT_TIMESTAMP
) ENGINE=MyISAM DEFAULT CHARSET=utf8;

--
-- Дамп данных таблицы `logIn`
--

INSERT INTO `logIn` (`id`, `user_id`, `uPd`, `role`, `table`, `timeDateLogIn`) VALUES
(2, 1, '$2y$10$Zfhre31OG1koN7qtSWl3zuTxDulW1A3Xs0WxHbKP2jDK1NVwdQtrS', 1, 'supAdm', '2019-09-26 13:31:01'),
(3, 2, '$2y$10$o/re2V4oj.ioAGMovzC5k.dA4AmdfTwief7/2qlxWhq5EyY58xNgW', 0, 'adm', '2019-10-12 18:59:48');

-- --------------------------------------------------------

--
-- Структура таблицы `photos`
--

CREATE TABLE `photos` (
  `id` int(11) NOT NULL,
  `name` varchar(100) NOT NULL,
  `project_name` varchar(50) NOT NULL,
  `size` varchar(20) NOT NULL,
  `width_height` varchar(20) NOT NULL,
  `direction` varchar(500) NOT NULL
) ENGINE=MyISAM DEFAULT CHARSET=utf8;

--
-- Дамп данных таблицы `photos`
--

INSERT INTO `photos` (`id`, `name`, `project_name`, `size`, `width_height`, `direction`) VALUES
(2, 'Baza dannyh140.png', '', '118930', '951 x 521', '/views/img/gallery/'),
(6, 'house1683.jpg', 'Дом', '239704', '1312 x 738', '/views/img/gallery/'),
(4, '[006027]3701.jpg', '', '2880584', '3456 x 2160', '/views/img/gallery/'),
(5, '[011573]1067.jpg', '', '44142', '512 x 512', '/views/img/gallery/'),
(23, 'plan27605.png', '', '342846', '909 x 923', '/views/img/gallery/'),
(22, 'plan15069.png', '', '179406', '999 x 882', '/views/img/gallery/'),
(21, 'house2outside9404.png', '', '926084', '836 x 514', '/views/img/gallery/'),
(10, 'houseTop14.jpg', '', '297671', '1312 x 738', '/views/img/gallery/'),
(11, 'outside5186.jpg', '', '172422', '1312 x 738', '/views/img/gallery/'),
(12, 'plan7962.jpg', '', '184437', '1024 x 1427', '/views/img/gallery/'),
(24, '20180911_1101351083.jpg', '', '834261', '2666 x 1500', '/views/img/gallery/'),
(20, 'house2Back5816.png', 'Дом 2', '929933', '844 x 516', '/views/img/gallery/'),
(18, 'planLande5896.jpg', '', '15238', '220 x 258', '/views/img/gallery/'),
(19, 'house26312.png', 'Дом 2', '921397', '843 x 520', '/views/img/gallery/'),
(26, 'thumb-1920-7508814955.jpg', '', '345042', '1920 x 1355', '/views/img/gallery/'),
(27, 'thumb-1920-7508818385.jpg', '', '345042', '1920 x 1355', '/views/img/gallery/'),
(28, 'thumb-1920-75088112.jpg', '', '345042', '1920 x 1355', '/views/img/gallery/'),
(29, 'krasota_013076.jpg', '', '28213', '790 x 592', '/views/img/gallery/');

-- --------------------------------------------------------

--
-- Структура таблицы `projects`
--

CREATE TABLE `projects` (
  `id` int(11) NOT NULL,
  `name` varchar(100) NOT NULL,
  `budget` decimal(65,2) NOT NULL,
  `raiser_money` decimal(65,2) NOT NULL,
  `published` int(10) UNSIGNED NOT NULL DEFAULT '0' COMMENT '0 - не опубликовано, 1 - опубликовано',
  `photo_1` int(10) UNSIGNED NOT NULL,
  `photo_2` int(10) UNSIGNED NOT NULL,
  `photo_3` int(10) UNSIGNED NOT NULL,
  `photo_4` int(10) UNSIGNED NOT NULL,
  `photo_5` int(10) UNSIGNED NOT NULL,
  `video_1` int(10) UNSIGNED NOT NULL,
  `video_2` int(10) UNSIGNED NOT NULL,
  `text_1` text NOT NULL,
  `text_2` text NOT NULL
) ENGINE=MyISAM DEFAULT CHARSET=utf8;

--
-- Дамп данных таблицы `projects`
--

INSERT INTO `projects` (`id`, `name`, `budget`, `raiser_money`, `published`, `photo_1`, `photo_2`, `photo_3`, `photo_4`, `photo_5`, `video_1`, `video_2`, `text_1`, `text_2`) VALUES
(1, 'Дом', 1000000000.00, 28952.00, 0, 6, 10, 11, 12, 18, 13, 1, 'Нарушение порядка возникло, потому что ключи численные. Интерпретатор JavaScript видит, что строка на самом деле является числом и преобразует ключ в немного другой внутренний формат. Дополнительным эффектом внутренних оптимизаций является сортировка.', 'Нарушение порядка возникло, потому что ключи численные. Интерпретатор JavaScript видит, что строка на самом деле является числом и преобразует ключ в немного другой внутренний формат. Дополнительным эффектом внутренних оптимизаций является сортировка.'),
(2, 'Дом 2', 1000000000.00, 14555.00, 0, 19, 20, 21, 23, 22, 1, 13, 'арпоро', 'арпоро'),
(3, 'Полякова', 1000000000.00, 0.00, 0, 5, 2, 2, 4, 5, 2, 1, 'А ты когда-то слушал тишину? Как жаль, что ничего ты не услышал, Лишь тронь её беззвучную струну, И ты поймёшь, что можно даже тише.  А ты не чувствовал как пахнет тишиной? Ведь запах у неё настолько нежный, Я в аромате этом сам не свой, В нём утопаю, как в сугробе снежном.  А ты когда-то спорил с тишиной? И не пытайся, я однажды спорил, Как будто смыло штормовой волной, Противоречия всех моих историй.', 'А ты когда-то видел тишину? Как идёт дождь, или летают птицы, А может видел ночью синеву, Или улыбку на любимых лицах.  А ты любил когда-то тишину? Та что нам дарит радость и уют, Что превращает нашу жизнь в мечту, Где никогда людей не предают.  Ах как люблю я слушать тишину, В её молчании нет ни капли фальши, Взгляну на небо, отыщу звезду, Она подскажет как прожить мне дальше.  А ты, когда-то слушал тишину?  г.Стаханов 2018г.'),
(7, 'Машина123', 10000002.00, 0.00, 0, 2, 4, 5, 2, 4, 1, 2, 'eee', 'rrr');

-- --------------------------------------------------------

--
-- Структура таблицы `users`
--

CREATE TABLE `users` (
  `id` int(11) NOT NULL,
  `name` varchar(50) DEFAULT NULL,
  `patronymic` varchar(50) DEFAULT NULL,
  `surname` varchar(50) DEFAULT NULL,
  `email` varchar(100) DEFAULT NULL,
  `password` varchar(100) DEFAULT NULL,
  `project_name` varchar(100) DEFAULT NULL,
  `address` varchar(100) DEFAULT NULL,
  `telephon` varchar(20) DEFAULT NULL,
  `tax_code` varchar(10) DEFAULT NULL,
  `role` int(11) DEFAULT NULL,
  `share_investment` decimal(65,2) UNSIGNED NOT NULL,
  `invest_amount` decimal(65,2) UNSIGNED NOT NULL,
  `payment_time` date NOT NULL,
  `registration_date` timestamp NOT NULL DEFAULT CURRENT_TIMESTAMP,
  `last_visit` timestamp NOT NULL DEFAULT CURRENT_TIMESTAMP
) ENGINE=MyISAM DEFAULT CHARSET=utf8;

--
-- Дамп данных таблицы `users`
--

INSERT INTO `users` (`id`, `name`, `patronymic`, `surname`, `email`, `password`, `project_name`, `address`, `telephon`, `tax_code`, `role`, `share_investment`, `invest_amount`, `payment_time`, `registration_date`, `last_visit`) VALUES
(3, 'Иван', 'Иванович', 'Иванов', 'obn@ukr.net', '$2y$10$JAdwa4Ml9.r7sw/YF6ZPFOWmihyKUFxswFzyoSPRwUAVYsqoooO9a', 'Дом', 'Днепр, \" Новая почта \" № 6', '+7 (123) 999-99-99', '2147483647', NULL, 100000.00, 28751.00, '2019-10-06', '2019-09-29 07:05:42', '2019-09-29 07:05:42'),
(5, 'Саша', 'Викторовна', 'Поляк', 'poliak@pol.com', '$2y$10$aKgmk08tCOXnDCvt.VKGW.rQ7/PIJuOblEGm/PUk.ZAjEvmI69Zxm', 'Дом 2', 'г.Днепр, ул.Шевченко 4, кв.4', '+7 (123) 999-99-99', '2147483647', NULL, 10000.00, 9555.25, '2019-10-06', '2019-09-29 07:59:22', '2019-09-29 07:59:22');

-- --------------------------------------------------------

--
-- Структура таблицы `video`
--

CREATE TABLE `video` (
  `id` int(11) NOT NULL,
  `name` varchar(100) NOT NULL,
  `project_name` varchar(100) NOT NULL,
  `link` varchar(500) NOT NULL,
  `loud_date` timestamp NOT NULL DEFAULT CURRENT_TIMESTAMP
) ENGINE=MyISAM DEFAULT CHARSET=utf8;

--
-- Дамп данных таблицы `video`
--

INSERT INTO `video` (`id`, `name`, `project_name`, `link`, `loud_date`) VALUES
(1, 'Прикол 1', 'Дом', '<iframe src=\"https://www.youtube.com/embed/EhsfYCHt3SQ\" frameborder=\"0\" allow=\"accelerometer; autoplay; encrypted-media; gyroscope; picture-in-picture\" allowfullscreen></iframe>', '2019-10-02 09:06:20'),
(2, 'Винни Пух о пользе алкоголя', 'Дом 2', '<iframe src=\"https://www.youtube.com/embed/TUL2oYbtA0g?start=13\" frameborder=\"0\" allow=\"accelerometer; autoplay; encrypted-media; gyroscope; picture-in-picture\" allowfullscreen></iframe>', '2019-10-02 09:08:04'),
(13, 'Самые смешные приколы 2019 про животных', 'Дом 2', '<iframe  src=\"https://www.youtube.com/embed/UUeJT1ohQhQ\" frameborder=\"0\" allow=\"accelerometer; autoplay; encrypted-media; gyroscope; picture-in-picture\" allowfullscreen></iframe>', '2019-10-02 20:18:30');

-- --------------------------------------------------------

--
-- Структура таблицы `weWatchingYou`
--

CREATE TABLE `weWatchingYou` (
  `id` int(10) UNSIGNED NOT NULL,
  `id_admin` int(10) NOT NULL,
  `actions` varchar(100) NOT NULL,
  `timeDate` timestamp NOT NULL DEFAULT CURRENT_TIMESTAMP
) ENGINE=MyISAM DEFAULT CHARSET=utf8;

--
-- Дамп данных таблицы `weWatchingYou`
--

INSERT INTO `weWatchingYou` (`id`, `id_admin`, `actions`, `timeDate`) VALUES
(1, 0, 'Вошел(а) на сайт', '2019-09-26 19:10:21'),
(2, 0, 'Вошел(а) на сайт', '2019-09-26 19:13:48'),
(3, 0, 'Вошел(а) на сайт', '2019-09-27 10:15:58'),
(4, 0, 'Вошел(а) на сайт', '2019-09-27 10:24:53'),
(5, 0, 'Вошел(а) на сайт', '2019-09-28 11:57:25'),
(6, 0, 'Вошел(а) на сайт', '2019-09-28 12:00:23'),
(7, 0, 'Вошел(а) на сайт', '2019-09-28 12:04:51'),
(8, 0, 'Вошел(а) на сайт', '2019-09-28 13:22:20'),
(9, 1, 'Вошел(а) на сайт', '2019-09-28 15:49:06'),
(10, 1, 'Добавил(а) проект  в базу данных', '2019-09-28 19:04:29'),
(11, 1, 'Добавил(а) проект Полякова в базу данных', '2019-09-28 19:11:10'),
(12, 1, 'Добавил(а) платёж от    в фонд проекта Дом', '2019-09-29 12:02:57'),
(13, 1, 'Добавил(а) платёж от Обури Наталья  Федотовна в фонд проекта Дом', '2019-09-29 13:38:23'),
(14, 1, 'Добавил(а) платёж от Поляк Саша  Викторовна в фонд проекта Дом 2', '2019-09-29 14:10:06'),
(15, 1, 'Добавил(а) платёж от Поляк Саша  Викторовна в фонд проекта Дом 2', '2019-09-29 14:16:42'),
(16, 1, 'Добавил(а) платёж от Поляк Саша  Викторовна в фонд проекта Дом 2', '2019-09-29 14:22:31'),
(17, 1, 'Добавил(а) платёж от Поляк Саша  Викторовна в фонд проекта Дом 2', '2019-09-29 14:27:38'),
(18, 1, 'Добавил(а) платёж от Поляк Саша  Викторовна в фонд проекта Дом 2', '2019-09-29 14:43:10'),
(19, 1, 'Вошел(а) на сайт', '2019-09-29 15:59:14'),
(20, 1, 'Админ- Dgfhgj Дом  Петрович удален из базы данных', '2019-09-29 16:11:28'),
(21, 1, 'Админ- Dgfhgj Дом  Петрович удален из базы данных', '2019-09-29 16:13:01'),
(22, 1, 'Вошел(а) на сайт', '2019-09-29 17:42:07'),
(23, 1, 'Вошел(а) на сайт', '2019-09-29 17:54:54'),
(24, 1, 'Вошел(а) на сайт', '2019-09-30 15:26:03'),
(25, 1, 'Вошел(а) на сайт', '2019-09-30 20:12:27'),
(26, 1, 'Вошел(а) на сайт', '2019-10-01 05:42:32'),
(27, 1, 'Вошел(а) на сайт', '2019-10-01 05:42:35'),
(28, 1, 'Вошел(а) на сайт', '2019-10-01 05:43:16'),
(29, 1, 'Вошел(а) на сайт', '2019-10-02 04:58:15'),
(30, 1, 'Вошел(а) на сайт', '2019-10-02 15:35:26'),
(31, 1, 'Вошел(а) на сайт', '2019-10-02 18:59:06'),
(32, 1, 'Добавил(а) видео  к проекту ', '2019-10-02 19:41:36'),
(33, 1, 'Добавил(а) видео  к проекту ', '2019-10-02 19:45:35'),
(34, 1, 'Добавил(а) видео  к проекту ', '2019-10-02 19:51:25'),
(35, 1, 'Добавил(а) видео  к проекту ', '2019-10-02 19:53:12'),
(36, 1, 'Добавил(а) видео  к проекту ', '2019-10-02 20:04:02'),
(37, 1, 'Добавил(а) видео Полякова к проекту Дом', '2019-10-02 20:05:18'),
(38, 1, 'Добавил(а) видео  к проекту ', '2019-10-02 20:11:32'),
(39, 1, 'Добавил(а) видео  к проекту ', '2019-10-02 20:14:02'),
(40, 1, 'Добавил(а) видео Полякова к проекту Дом', '2019-10-02 20:15:38'),
(41, 1, 'Добавил(а) видео Самые смешные приколы 2019 про животных к проекту Дом 2', '2019-10-02 20:18:30'),
(42, 1, 'Вошел(а) на сайт', '2019-10-03 08:00:44'),
(43, 1, 'Загрузил(а) фотографию на сервер', '2019-10-03 16:08:28'),
(44, 1, 'Загрузил(а) фотографию на сервер', '2019-10-03 18:31:28'),
(45, 1, 'Удалил(а) видео из сервер', '2019-10-04 05:22:54'),
(46, 1, 'Удалил(а) фотографию из сервер', '2019-10-04 05:27:29'),
(47, 1, 'Загрузил(а) фотографию на сервер', '2019-10-04 05:30:18'),
(48, 1, 'Загрузил(а) фотографию на сервер', '2019-10-04 05:30:42'),
(49, 1, 'Загрузил(а) фотографию на сервер', '2019-10-04 05:31:12'),
(50, 1, 'Удалил(а) фотографию из сервер', '2019-10-04 05:31:22'),
(51, 1, 'Вошел(а) на сайт', '2019-10-06 07:59:06'),
(52, 1, 'Добавил(а) платёж от Петров Петер  Петрович в фонд проекта Дом', '2019-10-06 08:33:15'),
(53, 1, 'Добавил(а) платёж от Обури Наталья  Федотовна в фонд проекта Дом', '2019-10-06 10:46:48'),
(54, 1, 'Добавил(а) платёж от Обури Наталья  Федотовна в фонд проекта Дом', '2019-10-06 10:49:19'),
(55, 1, 'Добавил(а) платёж от Обури Наталья  Федотовна в фонд проекта Дом', '2019-10-06 10:49:56'),
(56, 1, 'Добавил(а) платёж от Обури Наталья  Федотовна в фонд проекта Дом', '2019-10-06 15:31:17'),
(57, 1, 'Добавил(а) платёж от Обури Наталья  Федотовна в фонд проекта Дом', '2019-10-06 16:03:00'),
(58, 1, 'Добавил(а) платёж от Обури Наталья  Федотовна в фонд проекта Дом', '2019-10-06 16:04:14'),
(59, 1, 'Добавил(а) платёж от Обури Наталья  Федотовна в фонд проекта Дом', '2019-10-06 16:57:51'),
(60, 1, 'Добавил(а) платёж от Обури Наталья  Федотовна в фонд проекта Дом', '2019-10-06 16:59:25'),
(61, 1, 'Добавил(а) платёж от Обури Наталья  Федотовна в фонд проекта Дом', '2019-10-06 17:01:06'),
(62, 1, 'Добавил(а) платёж от Обури Наталья  Федотовна в фонд проекта Дом', '2019-10-06 17:02:58'),
(63, 1, 'Добавил(а) платёж от Обури Наталья  Федотовна в фонд проекта Дом', '2019-10-06 17:04:40'),
(64, 1, 'Добавил(а) платёж от Обури Наталья  Федотовна в фонд проекта Дом', '2019-10-06 17:06:08'),
(65, 1, 'Добавил(а) платёж от Обури Наталья  Федотовна в фонд проекта Дом', '2019-10-06 17:10:56'),
(66, 1, 'Добавил(а) платёж от Обури Наталья  Федотовна в фонд проекта Дом', '2019-10-06 17:12:52'),
(67, 1, 'Добавил(а) платёж от Обури Наталья  Федотовна в фонд проекта Дом', '2019-10-06 17:13:53'),
(68, 1, 'Добавил(а) платёж от Обури Наталья  Федотовна в фонд проекта Дом', '2019-10-06 17:16:52'),
(69, 1, 'Добавил(а) платёж от Обури Наталья  Федотовна в фонд проекта Дом', '2019-10-06 17:17:25'),
(70, 1, 'Добавил(а) платёж от Поляк Саша  Викторовна в фонд проекта Дом 2', '2019-10-06 17:28:49'),
(71, 1, 'Вошел(а) на сайт', '2019-10-07 15:37:36'),
(72, 1, 'Вошел(а) на сайт', '2019-10-07 15:44:02'),
(73, 1, 'Добавил(а) проект  в базу данных', '2019-10-07 16:01:19'),
(74, 1, 'Добавил(а) проект Машина в базу данных', '2019-10-07 16:49:51'),
(75, 1, 'Добавил(а) проект Машина в базу данных', '2019-10-07 17:04:49'),
(76, 1, 'Добавил(а) проект Машина в базу данных', '2019-10-07 17:08:06'),
(77, 1, 'Добавил(а) проект  в базу данных', '2019-10-07 17:15:02'),
(78, 1, 'Добавил(а) проект Машина222 в базу данных', '2019-10-07 17:16:04'),
(79, 1, 'Добавил(а) проект Машина222 в базу данных', '2019-10-07 17:19:58'),
(80, 1, 'Добавил(а) проект Машина в базу данных', '2019-10-07 17:19:58'),
(81, 1, 'Добавил(а) проект Машина в базу данных', '2019-10-07 17:20:19'),
(82, 1, 'Добавил(а) проект Машина222 в базу данных', '2019-10-07 17:20:19'),
(83, 1, 'Добавил(а) проект Машина123 в базу данных', '2019-10-07 17:29:11'),
(84, 1, 'Вошел(а) на сайт', '2019-10-07 19:22:45'),
(85, 1, 'Вошел(а) на сайт', '2019-10-09 04:12:20'),
(86, 1, 'Изменил(а) проект Дом в базе данных', '2019-10-09 14:14:05'),
(87, 1, 'Вошел(а) на сайт', '2019-10-09 15:33:14'),
(88, 1, 'Вошел(а) на сайт', '2019-10-10 04:14:24'),
(89, 1, 'Вошел(а) на сайт', '2019-10-11 04:39:06'),
(90, 1, 'Изменил(а) данные участника Иван Иванович Иванов', '2019-10-11 12:39:46'),
(91, 1, 'Изменил(а) данные участника Иван Федотовна Обури', '2019-10-11 12:46:17'),
(92, 1, 'Изменил(а) данные участника Иван Иванович Иванов', '2019-10-11 12:49:48'),
(93, 1, 'Изменил(а) данные участника Иван Иванович Иванов', '2019-10-11 12:53:16'),
(94, 1, 'Изменил(а) данные участника Иван Иванович Иванов', '2019-10-11 12:57:56'),
(95, 1, 'Вошел(а) на сайт', '2019-10-12 04:46:49'),
(96, 1, 'Админ- Петров Петер  Петрович добавлен в базу данных', '2019-10-12 04:49:26'),
(97, 1, 'Админ- Обури Наталья  Федотовна удален из базы данных', '2019-10-12 07:25:18'),
(98, 1, 'Админ- Иванов Иван  Иванович добавлен в базу данных', '2019-10-12 07:27:43'),
(99, 1, 'Админ- Петров Петер  Петрович добавлен в базу данных', '2019-10-12 09:32:33'),
(100, 1, 'Админ- Петров Петер  Петрович добавлен в базу данных', '2019-10-12 09:44:49'),
(101, 1, 'Данные админа- Петров Петер  Петрович, изменены', '2019-10-12 10:02:36'),
(102, 1, 'Админ- Поляк Наталья  Федотовна добавлен в базу данных', '2019-10-12 10:56:59'),
(103, 1, 'Админ- Петров Полякова  Петрович добавлен в базу данных', '2019-10-12 11:05:08'),
(104, 1, 'Админ- Поляк Наталья  Федотовна удален из базы данных', '2019-10-12 11:06:13'),
(105, 1, 'Админ- Петров Полякова  Петрович удален из базы данных', '2019-10-12 11:06:44'),
(106, 1, 'Админ- Петров Полякова  Петрович добавлен в базу данных', '2019-10-12 11:12:42'),
(107, 1, 'Админ- Петров Полякова  Петрович удален из базы данных', '2019-10-12 11:13:40'),
(108, 1, 'Загрузил(а) фотографию на сервер', '2019-10-12 14:28:04'),
(109, 1, 'Загрузил(а) фотографию на сервер', '2019-10-12 14:28:12'),
(110, 1, 'Загрузил(а) фотографию на сервер', '2019-10-12 14:28:31'),
(111, 1, 'Загрузил(а) фотографию на сервер', '2019-10-12 14:29:01'),
(112, 1, 'Загрузил(а) фотографию на сервер', '2019-10-12 14:29:13'),
(113, 1, 'Загрузил(а) фотографию на сервер', '2019-10-12 14:29:23'),
(114, 1, 'Загрузил(а) фотографию на сервер', '2019-10-12 14:29:50'),
(115, 1, 'Загрузил(а) фотографию на сервер', '2019-10-12 14:29:54'),
(116, 1, 'Загрузил(а) фотографию на сервер', '2019-10-12 14:30:01'),
(117, 1, 'Загрузил(а) фотографию на сервер', '2019-10-12 14:30:04'),
(118, 1, 'Загрузил(а) фотографию на сервер', '2019-10-12 14:30:05'),
(119, 1, 'Удалил(а) фотографию из сервер', '2019-10-12 14:30:32'),
(120, 1, 'Удалил(а) фотографию из сервер', '2019-10-12 14:30:43'),
(121, 1, 'Удалил(а) фотографию из сервер', '2019-10-12 14:30:54'),
(122, 1, 'Загрузил(а) фотографию на сервер', '2019-10-12 14:31:26'),
(123, 1, 'Загрузил(а) фотографию на сервер', '2019-10-12 14:31:46'),
(124, 1, 'Изменил(а) проект Дом в базе данных', '2019-10-12 14:34:08'),
(125, 1, 'Изменил(а) проект Дом 2 в базе данных', '2019-10-12 14:36:00'),
(126, 1, 'Удалил(а) фотографию из сервер', '2019-10-12 14:48:58'),
(127, 1, 'Удалил(а) фотографию из сервер', '2019-10-12 14:49:02'),
(128, 1, 'Удалил(а) фотографию из сервер', '2019-10-12 14:49:06'),
(129, 1, 'Удалил(а) фотографию из сервер', '2019-10-12 14:49:14'),
(130, 1, 'Удалил(а) фотографию из сервер', '2019-10-12 14:49:19'),
(131, 1, 'Загрузил(а) фотографию на сервер', '2019-10-12 14:49:32'),
(132, 1, 'Загрузил(а) фотографию на сервер', '2019-10-12 14:49:38'),
(133, 1, 'Загрузил(а) фотографию на сервер', '2019-10-12 14:49:47'),
(134, 1, 'Загрузил(а) фотографию на сервер', '2019-10-12 14:49:56'),
(135, 1, 'Загрузил(а) фотографию на сервер', '2019-10-12 14:50:08'),
(136, 1, 'Изменил(а) проект Дом 2 в базе данных', '2019-10-12 14:51:12'),
(137, 1, 'Загрузил(а) фотографию на сервер', '2019-10-12 15:27:36'),
(138, 1, 'Загрузил(а) фотографию на сервер', '2019-10-12 15:27:57'),
(139, 1, 'Удалил(а) фотографию из сервер', '2019-10-12 15:28:12'),
(140, 1, 'Загрузил(а) фотографию на сервер', '2019-10-12 15:36:50'),
(141, 1, 'Загрузил(а) фотографию на сервер', '2019-10-12 15:38:19'),
(142, 1, 'Загрузил(а) фотографию на сервер', '2019-10-12 15:41:29'),
(143, 1, 'Загрузил(а) фотографию на сервер', '2019-10-12 15:41:51'),
(144, 2, 'Вошел(а) на сайт', '2019-10-12 18:59:48'),
(145, 2, 'Вошел(а) на сайт', '2019-10-12 18:59:51'),
(146, 2, 'Вошел(а) на сайт', '2019-10-12 18:59:52'),
(147, 2, 'Вошел(а) на сайт', '2019-10-12 18:59:53'),
(148, 2, 'Вошел(а) на сайт', '2019-10-12 18:59:53'),
(149, 2, 'Вошел(а) на сайт', '2019-10-12 18:59:53'),
(150, 2, 'Вошел(а) на сайт', '2019-10-12 18:59:54'),
(151, 2, 'Вошел(а) на сайт', '2019-10-12 18:59:54'),
(152, 2, 'Вошел(а) на сайт', '2019-10-12 18:59:54'),
(153, 2, 'Вошел(а) на сайт', '2019-10-12 18:59:54'),
(154, 2, 'Вошел(а) на сайт', '2019-10-12 19:09:41'),
(155, 2, 'Вошел(а) на сайт', '2019-10-12 19:09:44'),
(156, 2, 'Вошел(а) на сайт', '2019-10-12 19:09:45'),
(157, 2, 'Вошел(а) на сайт', '2019-10-12 19:09:45'),
(158, 2, 'Вошел(а) на сайт', '2019-10-12 19:13:10'),
(159, 2, 'Вошел(а) на сайт', '2019-10-12 19:15:21'),
(160, 2, 'Вошел(а) на сайт', '2019-10-13 05:09:30'),
(161, 2, 'Вошел(а) на сайт', '2019-10-13 05:36:51'),
(162, 2, 'Вошел(а) на сайт', '2019-10-13 05:37:01'),
(163, 2, 'Вошел(а) на сайт', '2019-10-13 05:46:49'),
(164, 2, 'Вошел(а) на сайт', '2019-10-13 05:46:54'),
(165, 2, 'Вошел(а) на сайт', '2019-10-13 05:50:10'),
(166, 1, 'Вошел(а) на сайт', '2019-10-13 05:53:32'),
(167, 2, 'Вошел(а) на сайт', '2019-10-13 05:57:35'),
(168, 1, 'Вошел(а) на сайт', '2019-10-13 05:58:26'),
(169, 1, 'Покинул(а) сайт', '2019-10-13 07:21:00'),
(170, 1, 'Вошел(а) на сайт', '2019-10-13 07:23:19'),
(171, 1, 'Покинул(а) сайт', '2019-10-13 07:41:01'),
(172, 1, 'Вошел(а) на сайт', '2019-10-13 07:42:01'),
(173, 1, 'Покинул(а) сайт', '2019-10-13 07:47:34'),
(174, 1, 'Вошел(а) на сайт', '2019-10-13 07:47:37'),
(175, 1, 'Вошел(а) на сайт', '2019-10-13 07:55:31'),
(176, 1, 'Вошел(а) на сайт', '2019-10-13 09:21:49');

--
-- Индексы сохранённых таблиц
--

--
-- Индексы таблицы `admins`
--
ALTER TABLE `admins`
  ADD PRIMARY KEY (`id`);

--
-- Индексы таблицы `answers`
--
ALTER TABLE `answers`
  ADD PRIMARY KEY (`id`);

--
-- Индексы таблицы `budget`
--
ALTER TABLE `budget`
  ADD PRIMARY KEY (`id`);

--
-- Индексы таблицы `complaints_suggestions`
--
ALTER TABLE `complaints_suggestions`
  ADD PRIMARY KEY (`id`);

--
-- Индексы таблицы `logIn`
--
ALTER TABLE `logIn`
  ADD PRIMARY KEY (`id`);

--
-- Индексы таблицы `photos`
--
ALTER TABLE `photos`
  ADD PRIMARY KEY (`id`);

--
-- Индексы таблицы `projects`
--
ALTER TABLE `projects`
  ADD PRIMARY KEY (`id`);
ALTER TABLE `projects` ADD FULLTEXT KEY `text_1` (`text_1`,`text_2`);
ALTER TABLE `projects` ADD FULLTEXT KEY `text_2` (`text_2`);

--
-- Индексы таблицы `users`
--
ALTER TABLE `users`
  ADD PRIMARY KEY (`id`);

--
-- Индексы таблицы `video`
--
ALTER TABLE `video`
  ADD PRIMARY KEY (`id`);

--
-- Индексы таблицы `weWatchingYou`
--
ALTER TABLE `weWatchingYou`
  ADD PRIMARY KEY (`id`);

--
-- AUTO_INCREMENT для сохранённых таблиц
--

--
-- AUTO_INCREMENT для таблицы `admins`
--
ALTER TABLE `admins`
  MODIFY `id` int(11) NOT NULL AUTO_INCREMENT, AUTO_INCREMENT=13;

--
-- AUTO_INCREMENT для таблицы `answers`
--
ALTER TABLE `answers`
  MODIFY `id` int(11) NOT NULL AUTO_INCREMENT, AUTO_INCREMENT=3;

--
-- AUTO_INCREMENT для таблицы `budget`
--
ALTER TABLE `budget`
  MODIFY `id` int(10) UNSIGNED NOT NULL AUTO_INCREMENT, AUTO_INCREMENT=27;

--
-- AUTO_INCREMENT для таблицы `complaints_suggestions`
--
ALTER TABLE `complaints_suggestions`
  MODIFY `id` int(11) NOT NULL AUTO_INCREMENT, AUTO_INCREMENT=3;

--
-- AUTO_INCREMENT для таблицы `logIn`
--
ALTER TABLE `logIn`
  MODIFY `id` int(10) UNSIGNED NOT NULL AUTO_INCREMENT, AUTO_INCREMENT=4;

--
-- AUTO_INCREMENT для таблицы `photos`
--
ALTER TABLE `photos`
  MODIFY `id` int(11) NOT NULL AUTO_INCREMENT, AUTO_INCREMENT=30;

--
-- AUTO_INCREMENT для таблицы `projects`
--
ALTER TABLE `projects`
  MODIFY `id` int(11) NOT NULL AUTO_INCREMENT, AUTO_INCREMENT=8;

--
-- AUTO_INCREMENT для таблицы `users`
--
ALTER TABLE `users`
  MODIFY `id` int(11) NOT NULL AUTO_INCREMENT, AUTO_INCREMENT=6;

--
-- AUTO_INCREMENT для таблицы `video`
--
ALTER TABLE `video`
  MODIFY `id` int(11) NOT NULL AUTO_INCREMENT, AUTO_INCREMENT=14;

--
-- AUTO_INCREMENT для таблицы `weWatchingYou`
--
ALTER TABLE `weWatchingYou`
  MODIFY `id` int(10) UNSIGNED NOT NULL AUTO_INCREMENT, AUTO_INCREMENT=177;
COMMIT;

/*!40101 SET CHARACTER_SET_CLIENT=@OLD_CHARACTER_SET_CLIENT */;
/*!40101 SET CHARACTER_SET_RESULTS=@OLD_CHARACTER_SET_RESULTS */;
/*!40101 SET COLLATION_CONNECTION=@OLD_COLLATION_CONNECTION */;
